,Neighborhood,American Restaurant,Asian Restaurant,BBQ Joint,Bagel Shop,Bakery,Bistro,Brazilian Restaurant,Breakfast Spot,Buffet,Burger Joint,Burrito Place,Cafeteria,Caf√©,Cajun / Creole Restaurant,Caribbean Restaurant,Chinese Restaurant,Comfort Food Restaurant,Deli / Bodega,Dim Sum Restaurant,Diner,Donut Shop,Fast Food Restaurant,Food,Food Court,Food Stand,Food Truck,Fried Chicken Joint,Gastropub,Greek Restaurant,Hawaiian Restaurant,Hot Dog Joint,Indian Restaurant,Italian Restaurant,Japanese Restaurant,Latin American Restaurant,Lebanese Restaurant,Mediterranean Restaurant,Mexican Restaurant,Middle Eastern Restaurant,New American Restaurant,Noodle House,Pizza Place,Ramen Restaurant,Restaurant,Salad Place,Salvadoran Restaurant,Sandwich Place,Seafood Restaurant,Snack Place,Southern / Soul Food Restaurant,Steakhouse,Sushi Restaurant,Taco Place,Tex-Mex Restaurant,Thai Restaurant,Vietnamese Restaurant,Wings Joint
0,BAKER,0.0,0.0,0.0,0.0,0.0,0.0,0.0,0.08695652173913043,0.0,0.0,0.0,0.0,0.0,0.0,0.0,0.043478260869565216,0.0,0.0,0.0,0.0,0.0,0.30434782608695654,0.0,0.0,0.0,0.0,0.17391304347826086,0.0,0.0,0.0,0.0,0.0,0.0,0.0,0.0,0.0,0.0,0.0,0.0,0.0,0.0,0.13043478260869565,0.0,0.043478260869565216,0.0,0.0,0.17391304347826086,0.043478260869565216,0.0,0.0,0.0,0.0,0.0,0.0,0.0,0.0,0.0
1,BOCAGE / CITIPLACE / CONCORD ESTATES,0.02,0.0,0.0,0.02,0.02,0.02,0.0,0.08,0.0,0.04,0.02,0.0,0.02,0.1,0.0,0.04,0.0,0.02,0.0,0.0,0.02,0.1,0.0,0.0,0.0,0.02,0.0,0.0,0.02,0.0,0.0,0.0,0.04,0.02,0.0,0.0,0.02,0.08,0.02,0.02,0.0,0.04,0.0,0.04,0.0,0.0,0.04,0.02,0.0,0.0,0.04,0.0,0.0,0.02,0.04,0.0,0.0
2,BROADMOOR,0.043478260869565216,0.0,0.0,0.0,0.08695652173913043,0.0,0.0,0.0,0.0,0.043478260869565216,0.0,0.0,0.0,0.08695652173913043,0.0,0.08695652173913043,0.0,0.0,0.043478260869565216,0.0,0.043478260869565216,0.17391304347826086,0.0,0.0,0.0,0.0,0.043478260869565216,0.0,0.043478260869565216,0.0,0.0,0.0,0.0,0.0,0.0,0.0,0.0,0.08695652173913043,0.0,0.0,0.0,0.043478260869565216,0.0,0.0,0.0,0.0,0.13043478260869565,0.0,0.0,0.0,0.0,0.0,0.0,0.0,0.0,0.0,0.043478260869565216
3,BROOKSTOWN,0.0,0.0,0.0,0.0,0.0,0.0,0.0,0.05555555555555555,0.0,0.1111111111111111,0.0,0.0,0.0,0.0,0.0,0.0,0.0,0.0,0.0,0.0,0.05555555555555555,0.2222222222222222,0.05555555555555555,0.0,0.0,0.0,0.2222222222222222,0.0,0.0,0.0,0.0,0.0,0.0,0.0,0.0,0.0,0.0,0.0,0.0,0.0,0.0,0.0,0.0,0.0,0.0,0.0,0.05555555555555555,0.16666666666666666,0.0,0.05555555555555555,0.0,0.0,0.0,0.0,0.0,0.0,0.0
4,BROWNSFIELD,0.0,0.0,0.047619047619047616,0.0,0.0,0.0,0.0,0.047619047619047616,0.0,0.0,0.0,0.0,0.0,0.0,0.0,0.047619047619047616,0.0,0.0,0.0,0.0,0.0,0.3333333333333333,0.0,0.0,0.0,0.0,0.19047619047619047,0.0,0.0,0.0,0.0,0.0,0.0,0.0,0.0,0.0,0.0,0.0,0.0,0.0,0.0,0.09523809523809523,0.0,0.047619047619047616,0.0,0.0,0.14285714285714285,0.047619047619047616,0.0,0.0,0.0,0.0,0.0,0.0,0.0,0.0,0.0
5,CENTRAL,0.06,0.0,0.02,0.0,0.0,0.0,0.0,0.04,0.0,0.0,0.0,0.0,0.0,0.02,0.0,0.02,0.0,0.0,0.0,0.0,0.0,0.3,0.0,0.0,0.02,0.0,0.12,0.0,0.0,0.0,0.0,0.0,0.0,0.04,0.0,0.0,0.0,0.08,0.0,0.0,0.0,0.1,0.0,0.04,0.0,0.0,0.08,0.04,0.0,0.0,0.0,0.02,0.0,0.0,0.0,0.0,0.0
6,CITY PARK,0.07692307692307693,0.07692307692307693,0.0,0.0,0.0,0.07692307692307693,0.0,0.0,0.0,0.07692307692307693,0.0,0.0,0.07692307692307693,0.0,0.0,0.0,0.0,0.0,0.0,0.0,0.0,0.0,0.0,0.0,0.0,0.0,0.0,0.07692307692307693,0.0,0.0,0.0,0.0,0.15384615384615385,0.0,0.0,0.0,0.0,0.0,0.0,0.0,0.0,0.07692307692307693,0.0,0.0,0.0,0.0,0.15384615384615385,0.0,0.0,0.0,0.0,0.07692307692307693,0.0,0.0,0.07692307692307693,0.0,0.0
7,COLLEGE TOWN,0.0,0.1,0.0,0.05,0.05,0.0,0.0,0.0,0.0,0.05,0.05,0.0,0.0,0.0,0.0,0.05,0.0,0.0,0.0,0.0,0.0,0.15,0.05,0.0,0.0,0.0,0.0,0.0,0.0,0.0,0.0,0.0,0.0,0.0,0.0,0.0,0.0,0.05,0.0,0.0,0.0,0.15,0.0,0.1,0.0,0.0,0.1,0.0,0.0,0.0,0.0,0.05,0.0,0.0,0.0,0.0,0.0
8,CORTANA / VILLA DEL REY,0.0,0.0,0.0,0.0,0.041666666666666664,0.0,0.0,0.041666666666666664,0.0,0.0,0.0,0.0,0.0,0.041666666666666664,0.0,0.041666666666666664,0.0,0.0,0.0,0.0,0.041666666666666664,0.2916666666666667,0.041666666666666664,0.0,0.0,0.0,0.041666666666666664,0.0,0.0,0.0,0.0,0.0,0.041666666666666664,0.0,0.0,0.0,0.0,0.08333333333333333,0.0,0.0,0.0,0.0,0.0,0.08333333333333333,0.0,0.0,0.16666666666666666,0.0,0.0,0.0,0.0,0.0,0.0,0.0,0.0,0.0,0.041666666666666664
9,DELMONT PLACE,0.14285714285714285,0.0,0.0,0.0,0.0,0.0,0.0,0.0,0.0,0.07142857142857142,0.0,0.0,0.0,0.0,0.0,0.0,0.0,0.0,0.0,0.0,0.07142857142857142,0.21428571428571427,0.0,0.0,0.0,0.0,0.2857142857142857,0.0,0.0,0.0,0.0,0.0,0.0,0.0,0.0,0.0,0.07142857142857142,0.0,0.0,0.0,0.0,0.0,0.0,0.0,0.0,0.0,0.0,0.14285714285714285,0.0,0.0,0.0,0.0,0.0,0.0,0.0,0.0,0.0
10,DOWNTOWN,0.19230769230769232,0.0,0.0,0.0,0.038461538461538464,0.0,0.0,0.0,0.038461538461538464,0.0,0.0,0.0,0.038461538461538464,0.07692307692307693,0.0,0.0,0.0,0.0,0.0,0.0,0.0,0.0,0.038461538461538464,0.0,0.0,0.038461538461538464,0.038461538461538464,0.0,0.0,0.0,0.0,0.0,0.038461538461538464,0.0,0.0,0.0,0.0,0.038461538461538464,0.038461538461538464,0.038461538461538464,0.0,0.038461538461538464,0.0,0.038461538461538464,0.07692307692307693,0.0,0.11538461538461539,0.038461538461538464,0.0,0.0,0.038461538461538464,0.0,0.0,0.0,0.0,0.0,0.0
11,DOWNTOWN EAST,0.18181818181818182,0.0,0.0,0.0,0.09090909090909091,0.0,0.0,0.0,0.0,0.0,0.0,0.0,0.0,0.09090909090909091,0.0,0.0,0.0,0.0,0.0,0.0,0.0,0.18181818181818182,0.18181818181818182,0.0,0.0,0.0,0.0,0.0,0.0,0.0,0.0,0.0,0.0,0.0,0.0,0.0,0.0,0.0,0.09090909090909091,0.09090909090909091,0.0,0.0,0.0,0.0,0.0,0.0,0.09090909090909091,0.0,0.0,0.0,0.0,0.0,0.0,0.0,0.0,0.0,0.0
12,EAST FAIRFIELDS / MELROSE PLACE,0.16666666666666666,0.0,0.0,0.0,0.08333333333333333,0.0,0.0,0.0,0.0,0.08333333333333333,0.0,0.0,0.0,0.0,0.0,0.0,0.0,0.0,0.0,0.0,0.0,0.16666666666666666,0.3333333333333333,0.0,0.0,0.0,0.0,0.0,0.0,0.0,0.0,0.0,0.0,0.0,0.0,0.0,0.0,0.0,0.0,0.0,0.0,0.0,0.0,0.0,0.0,0.0,0.0,0.16666666666666666,0.0,0.0,0.0,0.0,0.0,0.0,0.0,0.0,0.0
13,EDEN PARK,0.0,0.0,0.0,0.0,0.0,0.0,0.0,0.0,0.0,0.2,0.0,0.0,0.0,0.0,0.0,0.0,0.0,0.0,0.0,0.0,0.0,0.0,0.4,0.0,0.0,0.0,0.0,0.0,0.0,0.0,0.0,0.0,0.0,0.0,0.0,0.0,0.0,0.0,0.0,0.0,0.0,0.0,0.0,0.0,0.0,0.0,0.0,0.4,0.0,0.0,0.0,0.0,0.0,0.0,0.0,0.0,0.0
14,FAIRFIELDS,0.2,0.0,0.0,0.0,0.2,0.0,0.0,0.0,0.0,0.0,0.0,0.0,0.0,0.0,0.0,0.0,0.0,0.0,0.0,0.0,0.0,0.0,0.4,0.0,0.0,0.0,0.0,0.0,0.0,0.0,0.0,0.0,0.0,0.0,0.0,0.0,0.0,0.0,0.0,0.0,0.0,0.0,0.0,0.0,0.0,0.0,0.0,0.0,0.2,0.0,0.0,0.0,0.0,0.0,0.0,0.0,0.0
15,FAIRWOOD,0.07142857142857142,0.0,0.0,0.0,0.0,0.0,0.0,0.0,0.07142857142857142,0.0,0.0,0.0,0.0,0.0,0.0,0.0,0.0,0.07142857142857142,0.0,0.0,0.0,0.07142857142857142,0.14285714285714285,0.0,0.0,0.0,0.14285714285714285,0.0,0.07142857142857142,0.0,0.0,0.0,0.07142857142857142,0.0,0.0,0.0,0.0,0.0,0.0,0.0,0.07142857142857142,0.14285714285714285,0.0,0.0,0.0,0.0,0.07142857142857142,0.0,0.0,0.0,0.0,0.0,0.0,0.0,0.0,0.0,0.0
16,FOREST HEIGHTS / SUNNYBROOK,0.0,0.0,0.037037037037037035,0.0,0.0,0.0,0.0,0.037037037037037035,0.0,0.0,0.0,0.0,0.037037037037037035,0.037037037037037035,0.0,0.037037037037037035,0.0,0.0,0.0,0.0,0.07407407407407407,0.25925925925925924,0.1111111111111111,0.0,0.0,0.0,0.1111111111111111,0.0,0.0,0.0,0.0,0.0,0.0,0.0,0.0,0.0,0.0,0.0,0.0,0.0,0.0,0.1111111111111111,0.0,0.0,0.0,0.0,0.07407407407407407,0.037037037037037035,0.0,0.0,0.037037037037037035,0.0,0.0,0.0,0.0,0.0,0.0
17,GLEN OAKS / ZION CITY,0.0,0.0,0.06666666666666667,0.0,0.0,0.0,0.0,0.06666666666666667,0.0,0.06666666666666667,0.0,0.0,0.0,0.0,0.0,0.0,0.0,0.0,0.0,0.0,0.0,0.2,0.06666666666666667,0.0,0.0,0.0,0.26666666666666666,0.0,0.0,0.0,0.0,0.0,0.0,0.0,0.0,0.0,0.0,0.0,0.0,0.0,0.0,0.0,0.0,0.0,0.0,0.0,0.13333333333333333,0.06666666666666667,0.0,0.06666666666666667,0.0,0.0,0.0,0.0,0.0,0.0,0.0
18,GOODWOOD,0.024390243902439025,0.024390243902439025,0.04878048780487805,0.0,0.024390243902439025,0.0,0.0,0.0,0.0,0.024390243902439025,0.0,0.024390243902439025,0.0,0.024390243902439025,0.0,0.07317073170731707,0.0,0.024390243902439025,0.0,0.0,0.024390243902439025,0.07317073170731707,0.0,0.0,0.0,0.024390243902439025,0.07317073170731707,0.0,0.07317073170731707,0.0,0.0,0.0,0.04878048780487805,0.0,0.0,0.0,0.0,0.024390243902439025,0.0,0.0,0.0,0.04878048780487805,0.0,0.07317073170731707,0.0,0.0,0.12195121951219512,0.04878048780487805,0.0,0.024390243902439025,0.0,0.0,0.0,0.0,0.024390243902439025,0.0,0.024390243902439025
19,GOODWOOD HOMESITES,0.03571428571428571,0.0,0.03571428571428571,0.0,0.03571428571428571,0.0,0.0,0.03571428571428571,0.0,0.0,0.0,0.03571428571428571,0.0,0.0,0.0,0.07142857142857142,0.0,0.03571428571428571,0.0,0.0,0.0,0.25,0.03571428571428571,0.0,0.0,0.0,0.03571428571428571,0.0,0.0,0.0,0.0,0.0,0.0,0.0,0.0,0.0,0.0,0.03571428571428571,0.0,0.0,0.0,0.0,0.0,0.10714285714285714,0.0,0.0,0.21428571428571427,0.03571428571428571,0.0,0.0,0.0,0.0,0.0,0.0,0.0,0.0,0.0
20,ISTROUMA / DIXIE,0.0,0.0,0.0,0.0,0.0,0.0,0.0,0.0,0.0,0.0,0.0,0.0,0.0,0.125,0.0,0.0,0.0,0.0,0.0,0.0,0.0,0.25,0.125,0.0,0.0,0.0,0.125,0.0,0.0,0.0,0.0,0.0,0.0,0.0,0.0,0.0,0.125,0.0,0.0,0.0,0.0,0.25,0.0,0.0,0.0,0.0,0.0,0.0,0.0,0.0,0.0,0.0,0.0,0.0,0.0,0.0,0.0
21,JEFFERSON / DRUSILLA,0.06,0.02,0.04,0.02,0.02,0.02,0.0,0.02,0.0,0.02,0.02,0.0,0.02,0.08,0.0,0.06,0.0,0.02,0.02,0.0,0.0,0.02,0.0,0.0,0.0,0.0,0.02,0.0,0.04,0.0,0.0,0.0,0.08,0.04,0.0,0.0,0.0,0.04,0.0,0.0,0.0,0.04,0.0,0.06,0.0,0.0,0.14,0.02,0.0,0.0,0.0,0.06,0.0,0.0,0.0,0.0,0.0
22,JEFFERSON / TIGER BEND,0.02,0.02,0.06,0.0,0.0,0.0,0.0,0.0,0.0,0.04,0.0,0.0,0.0,0.08,0.0,0.02,0.0,0.0,0.0,0.0,0.02,0.14,0.02,0.0,0.0,0.0,0.08,0.0,0.02,0.0,0.0,0.0,0.04,0.0,0.0,0.0,0.0,0.04,0.0,0.0,0.0,0.12,0.0,0.02,0.0,0.0,0.08,0.1,0.0,0.02,0.02,0.04,0.0,0.0,0.0,0.0,0.0
23,JEFFERSON TERRACE / INNISWOLD,0.1,0.0,0.06,0.0,0.0,0.0,0.0,0.04,0.0,0.1,0.02,0.0,0.0,0.04,0.0,0.02,0.0,0.02,0.0,0.0,0.0,0.14,0.02,0.02,0.0,0.02,0.02,0.0,0.02,0.0,0.0,0.0,0.02,0.0,0.0,0.0,0.0,0.02,0.0,0.0,0.0,0.02,0.0,0.02,0.0,0.0,0.14,0.06,0.0,0.0,0.04,0.0,0.0,0.02,0.0,0.0,0.02
24,JONES CREEK,0.06,0.0,0.06,0.0,0.0,0.0,0.0,0.02,0.0,0.06,0.02,0.0,0.0,0.02,0.0,0.0,0.0,0.0,0.0,0.02,0.02,0.22,0.04,0.0,0.0,0.0,0.1,0.0,0.02,0.0,0.0,0.02,0.0,0.0,0.0,0.0,0.0,0.08,0.0,0.0,0.0,0.06,0.0,0.0,0.02,0.0,0.06,0.04,0.0,0.02,0.02,0.0,0.0,0.0,0.0,0.0,0.02
25,KENILWORTH,0.0,0.0,0.0,0.0,0.16666666666666666,0.0,0.0,0.0,0.0,0.0,0.0,0.0,0.0,0.0,0.0,0.0,0.0,0.0,0.0,0.0,0.0,0.0,0.0,0.0,0.0,0.0,0.0,0.0,0.0,0.0,0.0,0.0,0.16666666666666666,0.0,0.0,0.0,0.0,0.0,0.0,0.0,0.0,0.3333333333333333,0.0,0.16666666666666666,0.0,0.0,0.16666666666666666,0.0,0.0,0.0,0.0,0.0,0.0,0.0,0.0,0.0,0.0
26,KLEINPETER,0.08,0.0,0.06,0.0,0.02,0.0,0.0,0.06,0.0,0.12,0.0,0.0,0.0,0.02,0.0,0.02,0.0,0.0,0.0,0.0,0.0,0.18,0.0,0.0,0.0,0.02,0.06,0.0,0.0,0.0,0.0,0.0,0.02,0.0,0.0,0.0,0.0,0.06,0.0,0.0,0.0,0.04,0.0,0.06,0.0,0.02,0.04,0.02,0.0,0.02,0.02,0.02,0.0,0.02,0.0,0.0,0.02
27,L S U,0.02,0.04,0.02,0.02,0.0,0.02,0.0,0.02,0.0,0.14,0.02,0.0,0.02,0.04,0.02,0.04,0.0,0.0,0.0,0.02,0.02,0.1,0.0,0.0,0.0,0.0,0.02,0.0,0.0,0.0,0.02,0.0,0.0,0.0,0.0,0.0,0.0,0.06,0.02,0.0,0.0,0.08,0.0,0.02,0.0,0.0,0.1,0.02,0.0,0.0,0.0,0.04,0.02,0.0,0.0,0.0,0.04
28,LEGION VILLAGE,0.07692307692307693,0.0,0.0,0.0,0.0,0.0,0.0,0.0,0.0,0.07692307692307693,0.0,0.0,0.0,0.0,0.0,0.0,0.0,0.0,0.0,0.0,0.07692307692307693,0.23076923076923078,0.15384615384615385,0.0,0.0,0.0,0.23076923076923078,0.0,0.0,0.0,0.0,0.0,0.0,0.0,0.0,0.0,0.0,0.0,0.0,0.0,0.0,0.0,0.0,0.0,0.0,0.0,0.0,0.15384615384615385,0.0,0.0,0.0,0.0,0.0,0.0,0.0,0.0,0.0
29,MAYFAIR,0.02,0.02,0.0,0.02,0.02,0.04,0.02,0.02,0.0,0.04,0.0,0.0,0.06,0.02,0.0,0.04,0.0,0.0,0.0,0.0,0.0,0.1,0.0,0.0,0.0,0.0,0.06,0.0,0.02,0.0,0.0,0.0,0.0,0.0,0.0,0.0,0.02,0.04,0.0,0.0,0.0,0.1,0.02,0.04,0.0,0.0,0.06,0.08,0.0,0.0,0.0,0.08,0.02,0.0,0.0,0.02,0.02
30,MID CITY,0.029411764705882353,0.0,0.058823529411764705,0.0,0.0,0.0,0.0,0.0,0.0,0.029411764705882353,0.0,0.0,0.058823529411764705,0.029411764705882353,0.0,0.058823529411764705,0.0,0.0,0.0,0.0,0.029411764705882353,0.058823529411764705,0.029411764705882353,0.0,0.0,0.0,0.11764705882352941,0.0,0.029411764705882353,0.0,0.0,0.0,0.0,0.0,0.0,0.0,0.0,0.058823529411764705,0.0,0.0,0.0,0.11764705882352941,0.029411764705882353,0.029411764705882353,0.0,0.0,0.08823529411764706,0.058823529411764705,0.0,0.029411764705882353,0.029411764705882353,0.0,0.029411764705882353,0.0,0.0,0.0,0.0
31,MILLERVILLE,0.0,0.0,0.0,0.0,0.05555555555555555,0.0,0.0,0.05555555555555555,0.0,0.05555555555555555,0.0,0.0,0.0,0.05555555555555555,0.0,0.16666666666666666,0.0,0.0,0.0,0.0,0.05555555555555555,0.16666666666666666,0.0,0.0,0.0,0.0,0.05555555555555555,0.0,0.05555555555555555,0.0,0.05555555555555555,0.0,0.0,0.0,0.0,0.0,0.0,0.1111111111111111,0.0,0.0,0.0,0.05555555555555555,0.0,0.0,0.0,0.0,0.05555555555555555,0.0,0.0,0.0,0.0,0.0,0.0,0.0,0.0,0.0,0.0
32,MONTICELLO,0.14285714285714285,0.0,0.0,0.0,0.0,0.0,0.0,0.0,0.0,0.0,0.0,0.0,0.0,0.14285714285714285,0.0,0.14285714285714285,0.0,0.0,0.0,0.0,0.14285714285714285,0.2857142857142857,0.14285714285714285,0.0,0.0,0.0,0.0,0.0,0.0,0.0,0.0,0.0,0.0,0.0,0.0,0.0,0.0,0.0,0.0,0.0,0.0,0.0,0.0,0.0,0.0,0.0,0.0,0.0,0.0,0.0,0.0,0.0,0.0,0.0,0.0,0.0,0.0
33,NORTH BATON ROUGE,0.0,0.0,0.0,0.0,0.0,0.0,0.0,0.0,0.0,0.05263157894736842,0.0,0.0,0.05263157894736842,0.0,0.0,0.0,0.0,0.0,0.0,0.0,0.05263157894736842,0.21052631578947367,0.10526315789473684,0.0,0.0,0.0,0.10526315789473684,0.0,0.0,0.0,0.0,0.0,0.0,0.0,0.0,0.0,0.05263157894736842,0.0,0.0,0.0,0.0,0.05263157894736842,0.0,0.0,0.0,0.0,0.15789473684210525,0.15789473684210525,0.0,0.0,0.0,0.0,0.0,0.0,0.0,0.0,0.0
34,NORTH SHERWOOD FOREST,0.05555555555555555,0.0,0.05555555555555555,0.0,0.0,0.0,0.0,0.0,0.0,0.05555555555555555,0.0,0.0,0.0,0.0,0.0,0.05555555555555555,0.0,0.0,0.0,0.0,0.0,0.1111111111111111,0.1111111111111111,0.0,0.0,0.0,0.1111111111111111,0.0,0.0,0.0,0.0,0.0,0.05555555555555555,0.0,0.0,0.0,0.0,0.05555555555555555,0.0,0.0,0.0,0.05555555555555555,0.0,0.0,0.0,0.0,0.0,0.05555555555555555,0.0,0.0,0.0,0.0,0.0,0.0,0.0,0.2222222222222222,0.0
35,O'NEAL,0.0,0.0,0.0,0.0,0.0,0.0,0.0,0.025,0.0,0.05,0.0,0.0,0.0,0.1,0.0,0.05,0.025,0.0,0.0,0.0,0.0,0.125,0.025,0.0,0.0,0.0,0.075,0.0,0.025,0.0,0.0,0.025,0.05,0.025,0.0,0.0,0.0,0.05,0.0,0.0,0.0,0.15,0.0,0.0,0.0,0.0,0.075,0.075,0.0,0.0,0.025,0.0,0.0,0.0,0.025,0.0,0.0
36,OLD SOUTH BATON ROUGE,0.13636363636363635,0.0,0.045454545454545456,0.0,0.0,0.0,0.0,0.0,0.0,0.0,0.0,0.0,0.0,0.0,0.0,0.045454545454545456,0.0,0.0,0.0,0.045454545454545456,0.045454545454545456,0.09090909090909091,0.045454545454545456,0.0,0.0,0.0,0.0,0.0,0.0,0.0,0.045454545454545456,0.0,0.0,0.0,0.0,0.045454545454545456,0.0,0.045454545454545456,0.045454545454545456,0.0,0.0,0.045454545454545456,0.0,0.0,0.0,0.0,0.045454545454545456,0.09090909090909091,0.0,0.0,0.045454545454545456,0.09090909090909091,0.0,0.0,0.0,0.0,0.045454545454545456
37,PARK FOREST / OAKCREST,0.0,0.0,0.0,0.0,0.0,0.0,0.0,0.0,0.0,0.0,0.0,0.0,0.05555555555555555,0.0,0.0,0.1111111111111111,0.0,0.0,0.0,0.0,0.0,0.3333333333333333,0.05555555555555555,0.0,0.0,0.0,0.1111111111111111,0.0,0.0,0.0,0.0,0.0,0.0,0.0,0.0,0.0,0.0,0.0,0.0,0.0,0.0,0.16666666666666666,0.0,0.0,0.0,0.0,0.1111111111111111,0.05555555555555555,0.0,0.0,0.0,0.0,0.0,0.0,0.0,0.0,0.0
38,PERKINS / HIGHLAND,0.06,0.0,0.0,0.0,0.04,0.04,0.02,0.04,0.0,0.02,0.0,0.0,0.06,0.02,0.0,0.06,0.0,0.0,0.0,0.0,0.02,0.12,0.0,0.02,0.0,0.0,0.04,0.0,0.02,0.0,0.0,0.0,0.0,0.0,0.02,0.0,0.02,0.06,0.0,0.0,0.0,0.04,0.0,0.02,0.0,0.0,0.12,0.06,0.0,0.0,0.02,0.02,0.0,0.02,0.0,0.0,0.02
39,POLLARD / WOODCHASE,0.07142857142857142,0.0,0.03571428571428571,0.0,0.0,0.0,0.0,0.0,0.0,0.0,0.0,0.0,0.03571428571428571,0.0,0.03571428571428571,0.07142857142857142,0.0,0.0,0.0,0.0,0.0,0.10714285714285714,0.0,0.0,0.0,0.07142857142857142,0.03571428571428571,0.0,0.03571428571428571,0.0,0.0,0.0,0.03571428571428571,0.0,0.0,0.0,0.0,0.03571428571428571,0.0,0.0,0.0,0.07142857142857142,0.0,0.03571428571428571,0.0,0.0,0.07142857142857142,0.07142857142857142,0.0,0.0,0.0,0.07142857142857142,0.03571428571428571,0.0,0.07142857142857142,0.0,0.0
40,PORT HUDSON,0.0,0.0,0.0,0.0,0.0,0.0,0.0,0.0,0.0,0.0,0.0,0.0,0.0,0.16666666666666666,0.0,0.0,0.0,0.0,0.0,0.0,0.0,0.0,0.16666666666666666,0.0,0.0,0.08333333333333333,0.08333333333333333,0.0,0.0,0.0,0.0,0.0,0.0,0.0,0.0,0.0,0.0,0.16666666666666666,0.0,0.0,0.0,0.16666666666666666,0.0,0.0,0.0,0.0,0.0,0.08333333333333333,0.0,0.08333333333333333,0.0,0.0,0.0,0.0,0.0,0.0,0.0
41,PRIDE / CHANEYVILLE,0.2,0.0,0.0,0.0,0.0,0.0,0.0,0.0,0.0,0.0,0.0,0.0,0.0,0.0,0.0,0.0,0.0,0.0,0.0,0.0,0.0,0.0,0.1,0.0,0.0,0.0,0.2,0.0,0.0,0.0,0.0,0.0,0.0,0.0,0.0,0.0,0.0,0.1,0.0,0.0,0.0,0.1,0.0,0.0,0.0,0.0,0.2,0.1,0.0,0.0,0.0,0.0,0.0,0.0,0.0,0.0,0.0
42,SCOTLANDVILLE,0.10526315789473684,0.0,0.05263157894736842,0.0,0.0,0.0,0.0,0.05263157894736842,0.0,0.0,0.0,0.0,0.0,0.0,0.0,0.0,0.0,0.05263157894736842,0.0,0.0,0.0,0.21052631578947367,0.0,0.0,0.0,0.0,0.21052631578947367,0.0,0.0,0.0,0.0,0.0,0.0,0.0,0.0,0.0,0.0,0.0,0.0,0.0,0.0,0.05263157894736842,0.0,0.05263157894736842,0.0,0.0,0.15789473684210525,0.0,0.0,0.0,0.0,0.0,0.0,0.0,0.0,0.0,0.05263157894736842
43,SHENANDOAH,0.0,0.0,0.0,0.0,0.0,0.0,0.0,0.0,0.0,0.05,0.0,0.0,0.0,0.1,0.0,0.0,0.0,0.0,0.0,0.0,0.0,0.05,0.0,0.0,0.0,0.0,0.15,0.0,0.05,0.0,0.0,0.05,0.1,0.05,0.0,0.0,0.0,0.05,0.0,0.0,0.0,0.1,0.0,0.0,0.0,0.0,0.05,0.1,0.0,0.0,0.05,0.0,0.0,0.0,0.05,0.0,0.0
44,SHERWOOD FOREST,0.0,0.0,0.034482758620689655,0.0,0.0,0.0,0.0,0.0,0.0,0.0,0.0,0.0,0.0,0.0,0.0,0.10344827586206896,0.0,0.034482758620689655,0.0,0.0,0.0,0.1724137931034483,0.13793103448275862,0.0,0.0,0.0,0.06896551724137931,0.0,0.0,0.0,0.0,0.0,0.034482758620689655,0.0,0.0,0.0,0.0,0.10344827586206896,0.0,0.0,0.0,0.10344827586206896,0.0,0.0,0.0,0.0,0.034482758620689655,0.034482758620689655,0.0,0.0,0.0,0.0,0.0,0.0,0.0,0.13793103448275862,0.0
45,SMILEY HEIGHTS / MELROSE EAST,0.14285714285714285,0.0,0.0,0.0,0.0,0.0,0.0,0.0,0.0,0.0,0.0,0.0,0.0,0.0,0.0,0.14285714285714285,0.0,0.14285714285714285,0.0,0.0,0.0,0.14285714285714285,0.0,0.0,0.0,0.0,0.0,0.0,0.0,0.0,0.0,0.0,0.0,0.0,0.0,0.0,0.0,0.0,0.0,0.0,0.0,0.0,0.0,0.0,0.0,0.0,0.42857142857142855,0.0,0.0,0.0,0.0,0.0,0.0,0.0,0.0,0.0,0.0
46,SOUTH BLUEBONNET / NICHOLSON,0.08,0.0,0.06,0.0,0.02,0.02,0.02,0.04,0.0,0.06,0.0,0.0,0.02,0.04,0.0,0.02,0.0,0.0,0.0,0.0,0.02,0.08,0.0,0.02,0.0,0.02,0.08,0.0,0.02,0.0,0.0,0.0,0.06,0.0,0.0,0.0,0.04,0.06,0.0,0.0,0.0,0.04,0.0,0.06,0.0,0.0,0.02,0.02,0.0,0.0,0.02,0.04,0.0,0.0,0.0,0.0,0.02
47,SOUTH BURBANK,0.0,0.0,0.0,0.0,0.038461538461538464,0.0,0.0,0.0,0.07692307692307693,0.07692307692307693,0.038461538461538464,0.0,0.07692307692307693,0.0,0.038461538461538464,0.07692307692307693,0.0,0.0,0.0,0.0,0.0,0.11538461538461539,0.0,0.0,0.0,0.0,0.038461538461538464,0.0,0.0,0.0,0.0,0.0,0.038461538461538464,0.0,0.0,0.0,0.0,0.038461538461538464,0.0,0.0,0.0,0.11538461538461539,0.0,0.038461538461538464,0.0,0.0,0.07692307692307693,0.0,0.0,0.0,0.038461538461538464,0.0,0.0,0.038461538461538464,0.0,0.0,0.038461538461538464
48,SOUTH CAMPUS,0.0,0.0,0.0,0.0,0.0,0.04,0.0,0.04,0.0,0.04,0.04,0.0,0.0,0.04,0.04,0.08,0.0,0.0,0.0,0.0,0.0,0.04,0.0,0.0,0.0,0.0,0.0,0.0,0.04,0.0,0.0,0.0,0.0,0.0,0.0,0.0,0.0,0.04,0.0,0.0,0.0,0.16,0.0,0.04,0.0,0.0,0.16,0.08,0.0,0.0,0.0,0.08,0.0,0.0,0.0,0.0,0.04
49,SOUTHSIDE,0.0625,0.020833333333333332,0.020833333333333332,0.0,0.0,0.020833333333333332,0.0,0.041666666666666664,0.0,0.041666666666666664,0.0,0.0,0.041666666666666664,0.020833333333333332,0.0,0.020833333333333332,0.0,0.0,0.0,0.0,0.020833333333333332,0.0625,0.0,0.0,0.0,0.0,0.0,0.020833333333333332,0.0,0.020833333333333332,0.020833333333333332,0.0,0.08333333333333333,0.0,0.0,0.0,0.0,0.041666666666666664,0.0,0.0,0.0,0.041666666666666664,0.0,0.020833333333333332,0.020833333333333332,0.0,0.10416666666666667,0.0625,0.0,0.0,0.041666666666666664,0.041666666666666664,0.041666666666666664,0.020833333333333332,0.041666666666666664,0.0,0.0
50,STEVENDALE,0.0,0.0,0.0,0.0,0.05,0.0,0.0,0.05,0.0,0.05,0.0,0.0,0.0,0.0,0.0,0.15,0.0,0.0,0.0,0.0,0.05,0.15,0.0,0.0,0.0,0.0,0.0,0.0,0.05,0.0,0.05,0.0,0.05,0.0,0.0,0.0,0.0,0.15,0.0,0.0,0.0,0.1,0.0,0.0,0.0,0.0,0.05,0.0,0.0,0.0,0.0,0.0,0.0,0.05,0.0,0.0,0.0
51,TARA,0.030303030303030304,0.0,0.0,0.0,0.09090909090909091,0.0,0.0,0.0,0.0,0.06060606060606061,0.0,0.030303030303030304,0.030303030303030304,0.12121212121212122,0.0,0.030303030303030304,0.0,0.0,0.030303030303030304,0.0,0.0,0.18181818181818182,0.0,0.0,0.0,0.030303030303030304,0.030303030303030304,0.0,0.030303030303030304,0.0,0.0,0.0,0.030303030303030304,0.0,0.0,0.0,0.0,0.09090909090909091,0.0,0.0,0.0,0.09090909090909091,0.0,0.06060606060606061,0.0,0.0,0.030303030303030304,0.0,0.0,0.0,0.0,0.0,0.0,0.0,0.0,0.0,0.0
52,THE AVENUES / SOUTHERN UNIV,0.18181818181818182,0.0,0.0,0.0,0.0,0.0,0.0,0.0,0.0,0.0,0.0,0.0,0.0,0.0,0.0,0.0,0.0,0.09090909090909091,0.0,0.0,0.0,0.18181818181818182,0.0,0.0,0.0,0.0,0.2727272727272727,0.0,0.0,0.0,0.0,0.0,0.0,0.0,0.0,0.0,0.0,0.0,0.0,0.0,0.0,0.0,0.0,0.09090909090909091,0.0,0.0,0.09090909090909091,0.0,0.0,0.0,0.0,0.0,0.0,0.0,0.0,0.0,0.09090909090909091
53,UNIVERSITY ACRES / WOODSTONE,0.0,0.0,0.0,0.1,0.1,0.0,0.0,0.0,0.0,0.1,0.0,0.0,0.1,0.0,0.1,0.0,0.0,0.0,0.0,0.0,0.0,0.0,0.0,0.0,0.0,0.0,0.0,0.0,0.0,0.0,0.0,0.0,0.1,0.0,0.0,0.0,0.0,0.0,0.0,0.0,0.0,0.1,0.0,0.1,0.0,0.0,0.0,0.0,0.0,0.0,0.0,0.0,0.0,0.1,0.1,0.0,0.0
54,VALLEY PARK,0.0975609756097561,0.0,0.04878048780487805,0.0,0.0,0.0,0.0,0.04878048780487805,0.0,0.0,0.0,0.0,0.024390243902439025,0.024390243902439025,0.0,0.04878048780487805,0.0,0.0,0.0,0.0,0.024390243902439025,0.0975609756097561,0.0,0.0,0.0,0.0,0.0,0.0,0.024390243902439025,0.024390243902439025,0.0,0.0,0.024390243902439025,0.04878048780487805,0.0,0.0,0.024390243902439025,0.07317073170731707,0.0,0.0,0.0,0.04878048780487805,0.0,0.0,0.04878048780487805,0.0,0.07317073170731707,0.04878048780487805,0.0,0.0,0.07317073170731707,0.04878048780487805,0.0,0.024390243902439025,0.0,0.0,0.0
55,VICTORIA FARMS,0.0,0.0,0.0,0.0,0.0,0.0,0.0,0.0,0.0,0.0,0.0,0.0,0.08333333333333333,0.0,0.0,0.0,0.0,0.0,0.0,0.0,0.08333333333333333,0.3333333333333333,0.08333333333333333,0.0,0.0,0.0,0.08333333333333333,0.0,0.0,0.0,0.0,0.0,0.0,0.0,0.0,0.0,0.0,0.0,0.0,0.0,0.0,0.16666666666666666,0.0,0.0,0.0,0.0,0.16666666666666666,0.0,0.0,0.0,0.0,0.0,0.0,0.0,0.0,0.0,0.0
56,WESTMINSTER / PINE PARK,0.08695652173913043,0.043478260869565216,0.021739130434782608,0.0,0.021739130434782608,0.0,0.0,0.0,0.0,0.021739130434782608,0.021739130434782608,0.0,0.021739130434782608,0.021739130434782608,0.0,0.0,0.0,0.0,0.0,0.0,0.021739130434782608,0.08695652173913043,0.0,0.0,0.0,0.0,0.0,0.0,0.06521739130434782,0.0,0.0,0.021739130434782608,0.021739130434782608,0.043478260869565216,0.0,0.0,0.021739130434782608,0.0,0.0,0.0,0.0,0.0,0.0,0.06521739130434782,0.0,0.0,0.13043478260869565,0.06521739130434782,0.021739130434782608,0.0,0.021739130434782608,0.08695652173913043,0.021739130434782608,0.0,0.0,0.021739130434782608,0.021739130434782608
57,ZACHARY,0.08,0.04,0.0,0.0,0.0,0.0,0.0,0.0,0.0,0.0,0.0,0.0,0.04,0.0,0.0,0.0,0.0,0.0,0.0,0.0,0.0,0.16,0.04,0.0,0.0,0.0,0.16,0.0,0.0,0.0,0.0,0.0,0.0,0.0,0.0,0.0,0.04,0.08,0.0,0.0,0.0,0.12,0.0,0.04,0.0,0.0,0.04,0.0,0.0,0.04,0.0,0.04,0.0,0.04,0.0,0.0,0.04
